{
  "player_a": {
    "dominant_colors": [
      "#b86e4a",
      "#b86c49",
      "#b76d48"
    ],
    "dominant_colors_summary": "upper #b46445, #b46344; lower #bc794e, #bb734d",
    "frames_seen": 20,
    "histogram": [
      0.000511,
      0.003139,
      0.013897,
      0.063678,
      0.960865,
      0.204101,
      0.116435,
      0.070378,
      0.008798,
      0.009445,
      0.008305,
      0.012405,
      0.015748,
      0.002626,
      0.0,
      0.0,
      0.001635,
      0.0,
      0.0,
      0.0,
      0.0,
      0.0,
      0.0,
      0.0,
      0.0,
      0.0,
      0.0,
      0.0,
      0.0,
      0.0,
      0.0,
      0.0,
      0.0,
      0.0,
      0.0,
      0.0,
      0.0,
      0.0,
      0.0,
      0.0,
      0.0,
      0.0,
      0.0,
      0.0,
      0.0,
      0.0,
      0.0,
      0.0,
      0.0,
      0.0,
      0.0,
      0.0,
      0.0,
      0.0,
      0.0,
      0.0,
      0.0,
      0.0,
      0.0,
      0.0,
      0.0,
      0.0,
      0.0,
      0.0,
      0.0,
      0.0,
      0.0,
      0.0,
      0.0,
      0.0,
      0.0,
      0.0,
      0.0,
      0.0,
      0.0,
      0.0,
      0.0,
      0.0,
      0.0,
      0.0,
      0.0,
      0.0,
      0.0,
      0.0,
      0.0,
      0.0,
      0.0,
      0.0,
      0.0,
      0.0,
      0.0,
      0.002704,
      0.010521,
      0.015929,
      0.034694,
      0.094156
    ],
    "lower_body_colors": [
      "#bc794e",
      "#bb734d"
    ],
    "source_track_ids": [
      "player_2"
    ],
    "upper_body_colors": [
      "#b46445",
      "#b46344"
    ]
  },
  "player_b": {
    "dominant_colors": [
      "#ac6440",
      "#ac6540",
      "#ad6540"
    ],
    "dominant_colors_summary": "upper #aa6a4a, #ac6c4a; lower #ad5e37, #ae5e37",
    "frames_seen": 20,
    "histogram": [
      0.00183,
      0.022755,
      0.043766,
      0.09065,
      0.088515,
      0.968652,
      0.173576,
      0.069057,
      0.007624,
      0.029111,
      0.046595,
      0.028121,
      0.002833,
      0.000471,
      3e-06,
      0.0,
      0.002872,
      6.3e-05,
      7e-06,
      0.0,
      0.0,
      0.0,
      0.0,
      0.0,
      0.000377,
      0.0,
      0.0,
      0.0,
      0.0,
      0.0,
      0.0,
      0.0,
      0.000294,
      0.0,
      0.0,
      0.0,
      0.0,
      0.0,
      0.0,
      0.0,
      0.000142,
      8e-05,
      0.0,
      0.0,
      0.0,
      0.0,
      0.0,
      0.0,
      0.000589,
      0.000706,
      0.000949,
      3.8e-05,
      1.4e-05,
      0.0,
      0.0,
      0.0,
      0.001351,
      0.037441,
      0.00457,
      0.000683,
      2.1e-05,
      0.0,
      0.0,
      0.0,
      0.006915,
      0.015685,
      0.002844,
      0.000208,
      0.0,
      0.0,
      0.0,
      0.0,
      0.001634,
      0.001386,
      0.000414,
      0.000234,
      0.0,
      0.0,
      0.0,
      0.0,
      0.00109,
      0.001546,
      0.00083,
      0.000358,
      9.3e-05,
      0.0,
      0.0,
      0.0,
      0.00137,
      0.003826,
      0.001488,
      0.001033,
      0.001013,
      0.000949,
      0.013681,
      0.04733
    ],
    "lower_body_colors": [
      "#ad5e37",
      "#ae5e37"
    ],
    "source_track_ids": [
      "player_1"
    ],
    "upper_body_colors": [
      "#aa6a4a",
      "#ac6c4a"
    ]
  }
}